/*
 Navicat Premium Data Transfer

 Source Server         : 10.20.11.216
 Source Server Type    : MySQL
 Source Server Version : 80019
 Source Host           : localhost:3306
 Source Schema         : oauth2

 Target Server Type    : MySQL
 Target Server Version : 80019
 File Encoding         : 65001

 Date: 25/08/2021 09:18:26
*/

SET NAMES utf8mb4;
SET FOREIGN_KEY_CHECKS = 0;

-- ----------------------------
-- Table structure for clientdetails
-- ----------------------------
DROP TABLE IF EXISTS `clientdetails`;
CREATE TABLE `clientdetails`  (
  `appId` varchar(128) CHARACTER SET utf8 COLLATE utf8_general_ci NOT NULL,
  `resourceIds` varchar(256) CHARACTER SET utf8 COLLATE utf8_general_ci NULL DEFAULT NULL,
  `appSecret` varchar(256) CHARACTER SET utf8 COLLATE utf8_general_ci NULL DEFAULT NULL,
  `scope` varchar(256) CHARACTER SET utf8 COLLATE utf8_general_ci NULL DEFAULT NULL,
  `grantTypes` varchar(256) CHARACTER SET utf8 COLLATE utf8_general_ci NULL DEFAULT NULL,
  `redirectUrl` varchar(256) CHARACTER SET utf8 COLLATE utf8_general_ci NULL DEFAULT NULL,
  `authorities` varchar(256) CHARACTER SET utf8 COLLATE utf8_general_ci NULL DEFAULT NULL,
  `access_token_validity` int(0) NULL DEFAULT NULL,
  `refresh_token_validity` int(0) NULL DEFAULT NULL,
  `additionalInformation` varchar(4096) CHARACTER SET utf8 COLLATE utf8_general_ci NULL DEFAULT NULL,
  `autoApproveScopes` varchar(256) CHARACTER SET utf8 COLLATE utf8_general_ci NULL DEFAULT NULL,
  PRIMARY KEY (`appId`) USING BTREE
) ENGINE = InnoDB CHARACTER SET = utf8 COLLATE = utf8_general_ci ROW_FORMAT = Dynamic;

-- ----------------------------
-- Table structure for oauth_access_token
-- ----------------------------
DROP TABLE IF EXISTS `oauth_access_token`;
CREATE TABLE `oauth_access_token`  (
  `token_id` varchar(256) CHARACTER SET utf8 COLLATE utf8_general_ci NULL DEFAULT NULL,
  `token` blob NULL,
  `authentication_id` varchar(128) CHARACTER SET utf8 COLLATE utf8_general_ci NOT NULL,
  `user_name` varchar(256) CHARACTER SET utf8 COLLATE utf8_general_ci NULL DEFAULT NULL,
  `client_id` varchar(256) CHARACTER SET utf8 COLLATE utf8_general_ci NULL DEFAULT NULL,
  `authentication` blob NULL,
  `refresh_token` varchar(256) CHARACTER SET utf8 COLLATE utf8_general_ci NULL DEFAULT NULL,
  PRIMARY KEY (`authentication_id`) USING BTREE
) ENGINE = InnoDB CHARACTER SET = utf8 COLLATE = utf8_general_ci ROW_FORMAT = Dynamic;

-- ----------------------------
-- Table structure for oauth_approvals
-- ----------------------------
DROP TABLE IF EXISTS `oauth_approvals`;
CREATE TABLE `oauth_approvals`  (
  `userId` varchar(256) CHARACTER SET utf8 COLLATE utf8_general_ci NULL DEFAULT NULL,
  `clientId` varchar(256) CHARACTER SET utf8 COLLATE utf8_general_ci NULL DEFAULT NULL,
  `scope` varchar(256) CHARACTER SET utf8 COLLATE utf8_general_ci NULL DEFAULT NULL,
  `status` varchar(10) CHARACTER SET utf8 COLLATE utf8_general_ci NULL DEFAULT NULL,
  `expiresAt` timestamp(0) NULL DEFAULT NULL,
  `lastModifiedAt` timestamp(0) NULL DEFAULT NULL
) ENGINE = InnoDB CHARACTER SET = utf8 COLLATE = utf8_general_ci ROW_FORMAT = Dynamic;

-- ----------------------------
-- Table structure for oauth_client_details
-- ----------------------------
DROP TABLE IF EXISTS `oauth_client_details`;
CREATE TABLE `oauth_client_details`  (
  `client_id` varchar(128) CHARACTER SET utf8 COLLATE utf8_general_ci NOT NULL,
  `resource_ids` varchar(256) CHARACTER SET utf8 COLLATE utf8_general_ci NULL DEFAULT NULL,
  `client_secret` varchar(256) CHARACTER SET utf8 COLLATE utf8_general_ci NULL DEFAULT NULL,
  `scope` varchar(256) CHARACTER SET utf8 COLLATE utf8_general_ci NULL DEFAULT NULL,
  `authorized_grant_types` varchar(256) CHARACTER SET utf8 COLLATE utf8_general_ci NULL DEFAULT NULL,
  `web_server_redirect_uri` varchar(256) CHARACTER SET utf8 COLLATE utf8_general_ci NULL DEFAULT NULL,
  `authorities` varchar(256) CHARACTER SET utf8 COLLATE utf8_general_ci NULL DEFAULT NULL,
  `access_token_validity` int(0) NULL DEFAULT NULL,
  `refresh_token_validity` int(0) NULL DEFAULT NULL,
  `additional_information` varchar(4096) CHARACTER SET utf8 COLLATE utf8_general_ci NULL DEFAULT NULL,
  `autoapprove` varchar(256) CHARACTER SET utf8 COLLATE utf8_general_ci NULL DEFAULT NULL,
  PRIMARY KEY (`client_id`) USING BTREE
) ENGINE = InnoDB CHARACTER SET = utf8 COLLATE = utf8_general_ci ROW_FORMAT = Dynamic;

-- ----------------------------
-- Records of oauth_client_details
-- ----------------------------
INSERT INTO `oauth_client_details` VALUES ('client', NULL, '$2a$10$YDDFHQx5fxjSMvSqcEROJuXAY7KRku5uR4XpsB/a6G0CPdwUBhxkK', 'app', 'authorization_code,password,client_credentials,implicit,refresh_token', 'https://wuyilong.gitee.io/blog-docs/', NULL, NULL, NULL, NULL, 'true');
INSERT INTO `oauth_client_details` VALUES ('sso-client-member', NULL, '$2a$10$YDDFHQx5fxjSMvSqcEROJuXAY7KRku5uR4XpsB/a6G0CPdwUBhxkK', 'app', 'authorization_code,password,client_credentials,implicit,refresh_token', 'http://localhost:8089/login,http://10.20.11.216:8088/login', NULL, NULL, NULL, NULL, 'true');
INSERT INTO `oauth_client_details` VALUES ('sso-client-order', NULL, '$2a$10$YDDFHQx5fxjSMvSqcEROJuXAY7KRku5uR4XpsB/a6G0CPdwUBhxkK', 'app', 'authorization_code,password,client_credentials,implicit,refresh_token', 'http://localhost:8088/login,http://10.20.11.216:8088/login', NULL, NULL, NULL, NULL, 'true');

-- ----------------------------
-- Table structure for oauth_client_token
-- ----------------------------
DROP TABLE IF EXISTS `oauth_client_token`;
CREATE TABLE `oauth_client_token`  (
  `token_id` varchar(256) CHARACTER SET utf8 COLLATE utf8_general_ci NULL DEFAULT NULL,
  `token` blob NULL,
  `authentication_id` varchar(128) CHARACTER SET utf8 COLLATE utf8_general_ci NOT NULL,
  `user_name` varchar(256) CHARACTER SET utf8 COLLATE utf8_general_ci NULL DEFAULT NULL,
  `client_id` varchar(256) CHARACTER SET utf8 COLLATE utf8_general_ci NULL DEFAULT NULL,
  PRIMARY KEY (`authentication_id`) USING BTREE
) ENGINE = InnoDB CHARACTER SET = utf8 COLLATE = utf8_general_ci ROW_FORMAT = Dynamic;

-- ----------------------------
-- Table structure for oauth_code
-- ----------------------------
DROP TABLE IF EXISTS `oauth_code`;
CREATE TABLE `oauth_code`  (
  `code` varchar(256) CHARACTER SET utf8 COLLATE utf8_general_ci NULL DEFAULT NULL,
  `authentication` blob NULL
) ENGINE = InnoDB CHARACTER SET = utf8 COLLATE = utf8_general_ci ROW_FORMAT = Dynamic;

-- ----------------------------
-- Table structure for oauth_refresh_token
-- ----------------------------
DROP TABLE IF EXISTS `oauth_refresh_token`;
CREATE TABLE `oauth_refresh_token`  (
  `token_id` varchar(256) CHARACTER SET utf8 COLLATE utf8_general_ci NULL DEFAULT NULL,
  `token` blob NULL,
  `authentication` blob NULL
) ENGINE = InnoDB CHARACTER SET = utf8 COLLATE = utf8_general_ci ROW_FORMAT = Dynamic;

-- ----------------------------
-- Table structure for tb_content
-- ----------------------------
DROP TABLE IF EXISTS `tb_content`;
CREATE TABLE `tb_content`  (
  `id` bigint(0) NOT NULL AUTO_INCREMENT,
  `category_id` bigint(0) NOT NULL COMMENT '内容类目ID',
  `title` varchar(200) CHARACTER SET utf8 COLLATE utf8_general_ci NULL DEFAULT NULL COMMENT '内容标题',
  `sub_title` varchar(100) CHARACTER SET utf8 COLLATE utf8_general_ci NULL DEFAULT NULL COMMENT '子标题',
  `title_desc` varchar(500) CHARACTER SET utf8 COLLATE utf8_general_ci NULL DEFAULT NULL COMMENT '标题描述',
  `url` varchar(500) CHARACTER SET utf8 COLLATE utf8_general_ci NULL DEFAULT NULL COMMENT '链接',
  `pic` varchar(300) CHARACTER SET utf8 COLLATE utf8_general_ci NULL DEFAULT NULL COMMENT '图片绝对路径',
  `pic2` varchar(300) CHARACTER SET utf8 COLLATE utf8_general_ci NULL DEFAULT NULL COMMENT '图片2',
  `content` text CHARACTER SET utf8 COLLATE utf8_general_ci NULL COMMENT '内容',
  `created` datetime(0) NULL DEFAULT NULL,
  `updated` datetime(0) NULL DEFAULT NULL,
  PRIMARY KEY (`id`) USING BTREE,
  INDEX `category_id`(`category_id`) USING BTREE,
  INDEX `updated`(`updated`) USING BTREE
) ENGINE = InnoDB AUTO_INCREMENT = 31 CHARACTER SET = utf8 COLLATE = utf8_general_ci ROW_FORMAT = Dynamic;

-- ----------------------------
-- Records of tb_content
-- ----------------------------
INSERT INTO `tb_content` VALUES (28, 89, '标题', '子标题', '标题说明', 'http://www.jd.com', NULL, NULL, NULL, '2019-04-07 00:56:09', '2019-04-07 00:56:11');
INSERT INTO `tb_content` VALUES (29, 89, 'ad2', 'ad2', 'ad2', 'http://www.baidu.com', NULL, NULL, NULL, '2019-04-07 00:56:13', '2019-04-07 00:56:15');
INSERT INTO `tb_content` VALUES (30, 89, 'ad3', 'ad3', 'ad3', 'http://www.sina.com.cn', NULL, NULL, NULL, '2019-04-07 00:56:17', '2019-04-07 00:56:19');
INSERT INTO `tb_content` VALUES (31, 89, 'ad4', 'ad4', 'ad4', 'http://www.funtl.com', NULL, NULL, NULL, '2019-04-07 00:56:22', '2019-04-07 00:56:25');

-- ----------------------------
-- Table structure for tb_content_category
-- ----------------------------
DROP TABLE IF EXISTS `tb_content_category`;
CREATE TABLE `tb_content_category`  (
  `id` bigint(0) NOT NULL AUTO_INCREMENT COMMENT '类目ID',
  `parent_id` bigint(0) NULL DEFAULT NULL COMMENT '父类目ID=0时，代表的是一级的类目',
  `name` varchar(50) CHARACTER SET utf8 COLLATE utf8_general_ci NULL DEFAULT NULL COMMENT '分类名称',
  `status` int(0) NULL DEFAULT 1 COMMENT '状态。可选值:1(正常),2(删除)',
  `sort_order` int(0) NULL DEFAULT NULL COMMENT '排列序号，表示同级类目的展现次序，如数值相等则按名称次序排列。取值范围:大于零的整数',
  `is_parent` tinyint(1) NULL DEFAULT 1 COMMENT '该类目是否为父类目，1为true，0为false',
  `created` datetime(0) NULL DEFAULT NULL COMMENT '创建时间',
  `updated` datetime(0) NULL DEFAULT NULL COMMENT '创建时间',
  PRIMARY KEY (`id`) USING BTREE,
  INDEX `parent_id`(`parent_id`, `status`) USING BTREE,
  INDEX `sort_order`(`sort_order`) USING BTREE
) ENGINE = InnoDB AUTO_INCREMENT = 97 CHARACTER SET = utf8 COLLATE = utf8_general_ci COMMENT = '内容分类' ROW_FORMAT = Dynamic;

-- ----------------------------
-- Records of tb_content_category
-- ----------------------------
INSERT INTO `tb_content_category` VALUES (30, 0, 'LeeShop', 1, 1, 1, '2015-04-03 16:51:38', '2015-04-03 16:51:40');
INSERT INTO `tb_content_category` VALUES (86, 30, '首页', 1, 1, 1, '2015-06-07 15:36:07', '2015-06-07 15:36:07');
INSERT INTO `tb_content_category` VALUES (87, 30, '列表页面', 1, 1, 1, '2015-06-07 15:36:16', '2015-06-07 15:36:16');
INSERT INTO `tb_content_category` VALUES (88, 30, '详细页面', 1, 1, 1, '2015-06-07 15:36:27', '2015-06-07 15:36:27');
INSERT INTO `tb_content_category` VALUES (89, 86, '大广告', 1, 1, 0, '2015-06-07 15:36:38', '2015-06-07 15:36:38');
INSERT INTO `tb_content_category` VALUES (90, 86, '小广告', 1, 1, 0, '2015-06-07 15:36:45', '2015-06-07 15:36:45');
INSERT INTO `tb_content_category` VALUES (91, 86, '商城快报', 1, 1, 0, '2015-06-07 15:36:55', '2015-06-07 15:36:55');
INSERT INTO `tb_content_category` VALUES (92, 87, '边栏广告', 1, 1, 0, '2015-06-07 15:37:07', '2015-06-07 15:37:07');
INSERT INTO `tb_content_category` VALUES (93, 87, '页头广告', 1, 1, 0, '2015-06-07 15:37:17', '2015-06-07 15:37:17');
INSERT INTO `tb_content_category` VALUES (94, 87, '页脚广告', 1, 1, 0, '2015-06-07 15:37:31', '2015-06-07 15:37:31');
INSERT INTO `tb_content_category` VALUES (95, 88, '边栏广告', 1, 1, 0, '2015-06-07 15:37:56', '2015-06-07 15:37:56');
INSERT INTO `tb_content_category` VALUES (96, 86, '中广告', 1, 1, 1, '2015-07-25 18:58:52', '2015-07-25 18:58:52');
INSERT INTO `tb_content_category` VALUES (97, 96, '中广告1', 1, 1, 0, '2015-07-25 18:59:43', '2015-07-25 18:59:43');

-- ----------------------------
-- Table structure for tb_permission
-- ----------------------------
DROP TABLE IF EXISTS `tb_permission`;
CREATE TABLE `tb_permission`  (
  `id` bigint(0) NOT NULL AUTO_INCREMENT,
  `parent_id` bigint(0) NULL DEFAULT NULL COMMENT '父权限',
  `name` varchar(64) CHARACTER SET utf8 COLLATE utf8_general_ci NOT NULL COMMENT '权限名称',
  `enname` varchar(64) CHARACTER SET utf8 COLLATE utf8_general_ci NOT NULL COMMENT '权限英文名称',
  `url` varchar(255) CHARACTER SET utf8 COLLATE utf8_general_ci NOT NULL COMMENT '授权路径',
  `description` varchar(200) CHARACTER SET utf8 COLLATE utf8_general_ci NULL DEFAULT NULL COMMENT '备注',
  `created` datetime(0) NOT NULL,
  `updated` datetime(0) NOT NULL,
  PRIMARY KEY (`id`) USING BTREE
) ENGINE = InnoDB AUTO_INCREMENT = 49 CHARACTER SET = utf8 COLLATE = utf8_general_ci COMMENT = '权限表' ROW_FORMAT = Dynamic;

-- ----------------------------
-- Records of tb_permission
-- ----------------------------
INSERT INTO `tb_permission` VALUES (37, 0, '系统管理', 'System', '/', NULL, '2019-04-04 23:22:54', '2019-04-04 23:22:56');
INSERT INTO `tb_permission` VALUES (38, 37, '用户管理', 'SystemUser', '/users/', NULL, '2019-04-04 23:25:31', '2019-04-04 23:25:33');
INSERT INTO `tb_permission` VALUES (39, 38, '查看用户', 'SystemUserView', '/users/view/**', NULL, '2019-04-04 15:30:30', '2019-04-04 15:30:43');
INSERT INTO `tb_permission` VALUES (40, 38, '新增用户', 'SystemUserInsert', '/users/insert/**', NULL, '2019-04-04 15:30:31', '2019-04-04 15:30:44');
INSERT INTO `tb_permission` VALUES (41, 38, '编辑用户', 'SystemUserUpdate', '/users/update/**', NULL, '2019-04-04 15:30:32', '2019-04-04 15:30:45');
INSERT INTO `tb_permission` VALUES (42, 38, '删除用户', 'SystemUserDelete', '/users/delete/**', NULL, '2019-04-04 15:30:48', '2019-04-04 15:30:45');
INSERT INTO `tb_permission` VALUES (44, 37, '内容管理', 'SystemContent', '/contents/', NULL, '2019-04-06 18:23:58', '2019-04-06 18:24:00');
INSERT INTO `tb_permission` VALUES (45, 44, '查看内容', 'SystemContentView', '/contents/view/**', NULL, '2019-04-06 23:49:39', '2019-04-06 23:49:41');
INSERT INTO `tb_permission` VALUES (46, 44, '新增内容', 'SystemContentInsert', '/contents/insert/**', NULL, '2019-04-06 23:51:00', '2019-04-06 23:51:02');
INSERT INTO `tb_permission` VALUES (47, 44, '编辑内容', 'SystemContentUpdate', '/contents/update/**', NULL, '2019-04-06 23:51:04', '2019-04-06 23:51:06');
INSERT INTO `tb_permission` VALUES (48, 44, '删除内容', 'SystemContentDelete', '/contents/delete/**', NULL, '2019-04-06 23:51:08', '2019-04-06 23:51:10');

-- ----------------------------
-- Table structure for tb_role
-- ----------------------------
DROP TABLE IF EXISTS `tb_role`;
CREATE TABLE `tb_role`  (
  `id` bigint(0) NOT NULL AUTO_INCREMENT,
  `parent_id` bigint(0) NULL DEFAULT NULL COMMENT '父角色',
  `name` varchar(64) CHARACTER SET utf8 COLLATE utf8_general_ci NOT NULL COMMENT '角色名称',
  `enname` varchar(64) CHARACTER SET utf8 COLLATE utf8_general_ci NOT NULL COMMENT '角色英文名称',
  `description` varchar(200) CHARACTER SET utf8 COLLATE utf8_general_ci NULL DEFAULT NULL COMMENT '备注',
  `created` datetime(0) NOT NULL,
  `updated` datetime(0) NOT NULL,
  PRIMARY KEY (`id`) USING BTREE
) ENGINE = InnoDB AUTO_INCREMENT = 38 CHARACTER SET = utf8 COLLATE = utf8_general_ci COMMENT = '角色表' ROW_FORMAT = Dynamic;

-- ----------------------------
-- Records of tb_role
-- ----------------------------
INSERT INTO `tb_role` VALUES (37, 0, '超级管理员', 'admin', NULL, '2019-04-04 23:22:03', '2019-04-04 23:22:05');

-- ----------------------------
-- Table structure for tb_role_permission
-- ----------------------------
DROP TABLE IF EXISTS `tb_role_permission`;
CREATE TABLE `tb_role_permission`  (
  `id` bigint(0) NOT NULL AUTO_INCREMENT,
  `role_id` bigint(0) NOT NULL COMMENT '角色 ID',
  `permission_id` bigint(0) NOT NULL COMMENT '权限 ID',
  PRIMARY KEY (`id`) USING BTREE
) ENGINE = InnoDB AUTO_INCREMENT = 48 CHARACTER SET = utf8 COLLATE = utf8_general_ci COMMENT = '角色权限表' ROW_FORMAT = Dynamic;

-- ----------------------------
-- Records of tb_role_permission
-- ----------------------------
INSERT INTO `tb_role_permission` VALUES (37, 37, 37);
INSERT INTO `tb_role_permission` VALUES (38, 37, 38);
INSERT INTO `tb_role_permission` VALUES (39, 37, 39);
INSERT INTO `tb_role_permission` VALUES (40, 37, 40);
INSERT INTO `tb_role_permission` VALUES (41, 37, 41);
INSERT INTO `tb_role_permission` VALUES (42, 37, 42);
INSERT INTO `tb_role_permission` VALUES (43, 37, 44);
INSERT INTO `tb_role_permission` VALUES (44, 37, 45);
INSERT INTO `tb_role_permission` VALUES (45, 37, 46);
INSERT INTO `tb_role_permission` VALUES (46, 37, 47);
INSERT INTO `tb_role_permission` VALUES (47, 37, 48);

-- ----------------------------
-- Table structure for tb_user
-- ----------------------------
DROP TABLE IF EXISTS `tb_user`;
CREATE TABLE `tb_user`  (
  `id` bigint(0) NOT NULL AUTO_INCREMENT,
  `username` varchar(50) CHARACTER SET utf8 COLLATE utf8_general_ci NOT NULL COMMENT '用户名',
  `password` varchar(64) CHARACTER SET utf8 COLLATE utf8_general_ci NOT NULL COMMENT '密码，加密存储',
  `phone` varchar(20) CHARACTER SET utf8 COLLATE utf8_general_ci NULL DEFAULT NULL COMMENT '注册手机号',
  `email` varchar(50) CHARACTER SET utf8 COLLATE utf8_general_ci NULL DEFAULT NULL COMMENT '注册邮箱',
  `created` datetime(0) NOT NULL,
  `updated` datetime(0) NOT NULL,
  PRIMARY KEY (`id`) USING BTREE,
  UNIQUE INDEX `username`(`username`) USING BTREE,
  UNIQUE INDEX `phone`(`phone`) USING BTREE,
  UNIQUE INDEX `email`(`email`) USING BTREE
) ENGINE = InnoDB AUTO_INCREMENT = 38 CHARACTER SET = utf8 COLLATE = utf8_general_ci COMMENT = '用户表' ROW_FORMAT = Dynamic;

-- ----------------------------
-- Records of tb_user
-- ----------------------------
INSERT INTO `tb_user` VALUES (37, 'admin', '$2a$10$9ZhDOBp.sRKat4l14ygu/.LscxrMUcDAfeVOEPiYwbcRkoB09gCmi', '15888888888', 'lee.lusifer@gmail.com', '2019-04-04 23:21:27', '2019-04-04 23:21:29');

-- ----------------------------
-- Table structure for tb_user_role
-- ----------------------------
DROP TABLE IF EXISTS `tb_user_role`;
CREATE TABLE `tb_user_role`  (
  `id` bigint(0) NOT NULL AUTO_INCREMENT,
  `user_id` bigint(0) NOT NULL COMMENT '用户 ID',
  `role_id` bigint(0) NOT NULL COMMENT '角色 ID',
  PRIMARY KEY (`id`) USING BTREE
) ENGINE = InnoDB AUTO_INCREMENT = 38 CHARACTER SET = utf8 COLLATE = utf8_general_ci COMMENT = '用户角色表' ROW_FORMAT = Dynamic;

-- ----------------------------
-- Records of tb_user_role
-- ----------------------------
INSERT INTO `tb_user_role` VALUES (37, 37, 37);

SET FOREIGN_KEY_CHECKS = 1;
